Topic,Lesson
Quantitative Methods,Rates and Returns
Quantitative Methods,Time Value of Money in Finance
Quantitative Methods,Statistical Measures of Asset Returns
Quantitative Methods,Probability Trees and Conditional Expectations
Quantitative Methods,Portfolio Mathematics
Quantitative Methods,Simulation Methods
Quantitative Methods,Estimation and Inference
Quantitative Methods,Hypothesis Testing
Quantitative Methods,Parametric and Non Parametric Tests of Independence
Quantitative Methods,Simple Linear Regression
Quantitative Methods,Introduction to Big Data Techniques
Economics,The Firm and Market Structures
Economics,Understanding Business Cycles
Economics,Fiscal Policy
Economics,Monetary Policy
Economics,Introduction to Geopolitics
Economics,International Trade
Economics,Capital Flows and the FX Market
Economics,Exchange Rate Calculations
Corporate Issuers,"Organizational Forms, Corporate Issuer Features, and Ownership"
Corporate Issuers,Investors and Other Stakeholders
Corporate Issuers,"Corporate Governance-Conflicts, Mechanisms, Risks, and Benefits"
Corporate Issuers,Working Capital and Liquidity
Corporate Issuers,Capital Investments and Capital Allocation
Corporate Issuers,Capital Structure
Corporate Issuers,Business Models
Financial Statement Analysis,Introduction to Financial Statement Analysis
Financial Statement Analysis,Analyzing Income Statements
Financial Statement Analysis,Analyzing Balance Sheets
Financial Statement Analysis,Analyzing Statements of Cash Flows I
Financial Statement Analysis,Analyzing Statements of Cash Flows II
Financial Statement Analysis,Analysis of Inventories
Financial Statement Analysis,Analysis of Long-Term Assets
Financial Statement Analysis,Topics in Long-Term Liabilities and Equity
Financial Statement Analysis,Analysis of Income Taxes
Financial Statement Analysis,Financial Reporting Quality
Financial Statement Analysis,Financial Analysis Techniques
Financial Statement Analysis,Introduction to Financial Statement Modeling
Equity,Market Organization and Structure
Equity,Security Market Indexes
Equity,Market Efficiency
Equity,Overview of Equity Securities
Equity,Company Analysis-Past and Present
Equity,Industry and Competitive Analysis
Equity,Company Analysis-Forecasting
Equity,Equity Valuation-Concepts and Basic Tools
Fixed Income,Fixed-Income Instrument Features
Fixed Income,Fixed-Income Cash Flows and Types
Fixed Income,Fixed-Income Issuance and Trading
Fixed Income,Fixed-Income Markets for Corporate Issuers
Fixed Income,Fixed-Income Markets for Government Issuers
Fixed Income,Fixed-Income Bond Valuation-Prices and Yields
Fixed Income,Yield and Yield Spread Measures for Fixed-Rate Bonds
Fixed Income,Yield and Yield Spread Measures for Floating-Rate Instruments
Fixed Income,"The Term Structure of Interest Rates-Spot, Par, and Forward Curves"
Fixed Income,Interest Rate Risk and Return
Fixed Income,Yield-Based Bond Duration Measures and Properties
Fixed Income,Yield-Based Bond Convexity and Portfolio Properties
Fixed Income,Curve-Based and Empirical Fixed-Income Risk Measures
Fixed Income,Credit Risk
Fixed Income,Credit Analysis for Government Issuers
Fixed Income,Credit Analysis for Corporate Issuers
Fixed Income,Fixed-Income Securitization
Fixed Income,Asset-Backed Security Instrument and Market Features
Fixed Income,Mortgage-Backed Security Instrument and Market Features
Derivatives,Derivative Instrument and Derivative Market Features
Derivatives,Forward Commitment and Contingent Claim Features and Instruments
Derivatives,"Derivative Benefits, Risks, and Issuer and Investor Uses"
Derivatives,"Arbitrage, Replication, and the Cost of Carry in Pricing Derivatives"
Derivatives,Pricing and Valuation of Forward Contracts and for an Underlying with Varying Maturities
Derivatives,Pricing and Valuation of Futures Contracts
Derivatives,Pricing and Valuation of Interest Rates and Other Swaps
Derivatives,Pricing and Valuation of Options
Derivatives,Option Replication Using Put–Call Parity
Derivatives,Valuing a Derivative Using a One-Period Binomial Model
Alternative Investments,"Alternative Investment Features, Methods, and Structures"
Alternative Investments,Alternative Investment Performance and Returns
Alternative Investments,Investments in Private Capital-Equity and Debt
Alternative Investments,Real Estate and Infrastructure
Alternative Investments,Natural Resources
Alternative Investments,Hedge Funds
Alternative Investments,Introduction to Digital Assets
Portfolio Management,Portfolio Risk and Return-Part I
Portfolio Management,Portfolio Risk and Return-Part II
Portfolio Management,Portfolio Management-An Overview
Portfolio Management,Basics of Portfolio Planning and Construction
Portfolio Management,The Behavioral Biases of Individuals
Portfolio Management,Introduction to Risk Management
Ethics,Ethics and Trust in the Investment Profession
Ethics,Code of Ethics and Standards of Professional Conduct
Ethics,Guidance for Standards I–VII
Ethics,Introduction to the Global Investment Performance Standards
Ethics,Ethics Application